{
	"class_name" : "PinholeCameraParameters",
	"extrinsic" : 
	[
		0.80819628046572012,
		0.42157456980669583,
		0.41120998812489296,
		0.0,
		0.56367973463614529,
		-0.35155635640088906,
		-0.74744450297975717,
		0.0,
		-0.17054010965723049,
		0.83587260414876052,
		-0.52175958125526489,
		0.0,
		-1.0995345470835307,
		7.2018812784769661,
		24.179434837931208,
		1.0
	],
	"intrinsic" : 
	{
		"height" : 1000,
		"intrinsic_matrix" : 
		[
			866.02540378443871,
			0.0,
			0.0,
			0.0,
			866.02540378443871,
			0.0,
			499.5,
			499.5,
			1.0
		],
		"width" : 1000
	},
	"version_major" : 1,
	"version_minor" : 0
}